match_id,ball_type,draw_bracket_value,draw_name,draw_team_type,tournament_name,date,score,winner_1_name,winner_1_gender,winner_1_third_party_id,winner_1_city,winner_1_country,winner_1_state,winner_2_name,winner_2_gender,winner_2_third_party_id,winner_2_city,winner_2_state,loser_1_name,loser_1_gender,loser_1_third_party_id,loser_1_city,loser_1_state,loser_1_country,loser_2_name,loser_2_gender,loser_2_third_party_id,loser_2_city,loser_2_state,outcome,id_type,draw_gender,draw_bracket_type,draw_type,tournament_city,tournament_state,tournament_country_code,tournament_host,tournament_location_type,tournament_surface,tournament_event_category,tournament_event_grade,tournament_import_source,tournament_sanction_body,winner_2_country,winner_2_college,loser_2_country,loser_2_college,tournament_event_type,winner_1_college,loser_1_college,tournament_url,winner_1_dob,winner_2_dob,loser_1_dob,loser_2_dob,tournament_country,tournament_start_date,tournament_end_date,winner_team,loser_team,team_score,winner_team_type,loser_team_type
,Yellow,,#1 Doubles,Doubles,Dual Match: Azusa Pacific University vs University of Indianapolis - Men,5/20/2026,6-2;,"Ayllon Prado, Asier",M,,,,,"Derache, Matthieu",M,,,,"Grandke, Soeren",M,,,,,"Pinoit, Mathys",M,,,,Completed,,Male,,,,,USA,,,,,,College,College,,University of Indianapolis,,Azusa Pacific University,Dual Match,University of Indianapolis,Azusa Pacific University,https://athletics.apu.edu/sports/mens-tennis/stats/2025-26/uindy/boxscore/21061,,,,,USA,5/20/2026,5/20/2026,Azusa Pacific University,University of Indianapolis,4-3;,College,College
,Yellow,,#2 Doubles,Doubles,Dual Match: Azusa Pacific University vs University of Indianapolis - Men,5/20/2026,6-4;,"Brownlee, David James",M,,,,,"Craenenbroeck, Viktor Van",M,,,,"Gaggiofatto, Tadeo",M,,,,,"Shelbaya, Zaid",M,,,,Completed,,Male,,,,,USA,,,,,,College,College,,Azusa Pacific University,,University of Indianapolis,Dual Match,Azusa Pacific University,University of Indianapolis,https://athletics.apu.edu/sports/mens-tennis/stats/2025-26/uindy/boxscore/21061,,,,,USA,5/20/2026,5/20/2026,Azusa Pacific University,University of Indianapolis,4-3;,College,College
,Yellow,,#3 Doubles,Doubles,Dual Match: Azusa Pacific University vs University of Indianapolis - Men,5/20/2026,7-5;,"Crespo, Joan",M,,,,,"Marci, Christopher",M,,,,"Di Cursi, Lorenzo",M,,,,,"Matovic, Jovan",M,,,,Completed,,Male,,,,,USA,,,,,,College,College,,Azusa Pacific University,,University of Indianapolis,Dual Match,Azusa Pacific University,University of Indianapolis,https://athletics.apu.edu/sports/mens-tennis/stats/2025-26/uindy/boxscore/21061,,,,,USA,5/20/2026,5/20/2026,Azusa Pacific University,University of Indianapolis,4-3;,College,College
,Yellow,,#1 Singles,Singles,Dual Match: Azusa Pacific University vs University of Indianapolis - Men,5/20/2026,"6-2, 6-4;","Grandke, Soeren",M,,,,,,,,,,"Ayllon Prado, Asier",M,,,,,,,,,,Completed,,Male,,,,,USA,,,,,,College,College,,,,,Dual Match,Azusa Pacific University,University of Indianapolis,https://athletics.apu.edu/sports/mens-tennis/stats/2025-26/uindy/boxscore/21061,,,,,USA,5/20/2026,5/20/2026,Azusa Pacific University,University of Indianapolis,4-3;,College,College
,Yellow,,#2 Singles,Singles,Dual Match: Azusa Pacific University vs University of Indianapolis - Men,5/20/2026,"6-1, 6-2;","Gaggiofatto, Tadeo",M,,,,,,,,,,"Pinoit, Mathys",M,,,,,,,,,,Completed,,Male,,,,,USA,,,,,,College,College,,,,,Dual Match,University of Indianapolis,Azusa Pacific University,https://athletics.apu.edu/sports/mens-tennis/stats/2025-26/uindy/boxscore/21061,,,,,USA,5/20/2026,5/20/2026,Azusa Pacific University,University of Indianapolis,4-3;,College,College
,Yellow,,#3 Singles,Singles,Dual Match: Azusa Pacific University vs University of Indianapolis - Men,5/20/2026,"6-2, 6-4;","Derache, Matthieu",M,,,,,,,,,,"Brownlee, David James",M,,,,,,,,,,Completed,,Male,,,,,USA,,,,,,College,College,,,,,Dual Match,University of Indianapolis,Azusa Pacific University,https://athletics.apu.edu/sports/mens-tennis/stats/2025-26/uindy/boxscore/21061,,,,,USA,5/20/2026,5/20/2026,Azusa Pacific University,University of Indianapolis,4-3;,College,College
,Yellow,,#4 Singles,Singles,Dual Match: Azusa Pacific University vs University of Indianapolis - Men,5/20/2026,"7-6(5), 6-6(8), 7-5;","Behrend, Ben",M,,,,,,,,,,"Matovic, Jovan",M,,,,,,,,,,Completed,,Male,,,,,USA,,,,,,College,College,,,,,Dual Match,Azusa Pacific University,University of Indianapolis,https://athletics.apu.edu/sports/mens-tennis/stats/2025-26/uindy/boxscore/21061,,,,,USA,5/20/2026,5/20/2026,Azusa Pacific University,University of Indianapolis,4-3;,College,College
,Yellow,,#5 Singles,Singles,Dual Match: Azusa Pacific University vs University of Indianapolis - Men,5/20/2026,"6-1, 6-7(7), 6-0;","Crespo, Joan",M,,,,,,,,,,"Shelbaya, Zaid",M,,,,,,,,,,Completed,,Male,,,,,USA,,,,,,College,College,,,,,Dual Match,Azusa Pacific University,University of Indianapolis,https://athletics.apu.edu/sports/mens-tennis/stats/2025-26/uindy/boxscore/21061,,,,,USA,5/20/2026,5/20/2026,Azusa Pacific University,University of Indianapolis,4-3;,College,College
,Yellow,,#6 Singles,Singles,Dual Match: Azusa Pacific University vs University of Indianapolis - Men,5/20/2026,"6-0, 6-3;","Di Cursi, Lorenzo",M,,,,,,,,,,"Rudd-Hicks, Jacob",M,,,,,,,,,,Completed,,Male,,,,,USA,,,,,,College,College,,,,,Dual Match,University of Indianapolis,Azusa Pacific University,https://athletics.apu.edu/sports/mens-tennis/stats/2025-26/uindy/boxscore/21061,,,,,USA,5/20/2026,5/20/2026,Azusa Pacific University,University of Indianapolis,4-3;,College,College
